{"_type":"export","__export_format":4,"__export_date":"2023-10-19T00:55:41.363Z","__export_source":"insomnia.desktop.app:v8.3.0","resources":[{"_id":"req_c602078766a54653b4072bb7de8e6974","parentId":"fld_af89d6d209c243d8aacc3438249e03c7","modified":1697676602171,"created":1697673088861,"url":"http://localhost:8000/usuarios/2","name":"CONSULTAR UNICO","description":"","method":"GET","body":{},"parameters":[],"headers":[{"name":"User-Agent","value":"insomnia/8.3.0"}],"authentication":{},"metaSortKey":-1697676600047,"isPrivate":false,"settingStoreCookies":true,"settingSendCookies":true,"settingDisableRenderRequestBody":false,"settingEncodeUrl":true,"settingRebuildPath":true,"settingFollowRedirects":"global","_type":"request"},{"_id":"fld_af89d6d209c243d8aacc3438249e03c7","parentId":"wrk_scratchpad","modified":1697676593201,"created":1697676593201,"name":"USUARIOS","description":"","environment":{},"environmentPropertyOrder":null,"metaSortKey":-1697676593201,"_type":"request_group"},{"_id":"wrk_scratchpad","parentId":null,"modified":1697068975510,"created":1697068975510,"name":"Scratch Pad","description":"","scope":"collection","_type":"workspace"},{"_id":"req_392fcce6a80443f9bc1dadb882223183","parentId":"fld_af89d6d209c243d8aacc3438249e03c7","modified":1697676603526,"created":1697672620178,"url":"http://localhost:8000/usuarios","name":"CRIAR","description":"","method":"POST","body":{"mimeType":"application/json","text":"{\n\t\"nome\": \"admin\",\n\t\"login\": \"admin@admin.com\",\n\t\"senha\": \"123456\"\n}"},"parameters":[],"headers":[{"name":"Content-Type","value":"application/json"},{"name":"User-Agent","value":"insomnia/8.3.0"}],"authentication":{},"metaSortKey":-1697676599997,"isPrivate":false,"settingStoreCookies":true,"settingSendCookies":true,"settingDisableRenderRequestBody":false,"settingEncodeUrl":true,"settingRebuildPath":true,"settingFollowRedirects":"global","_type":"request"},{"_id":"req_af83c176b6934ad89ea3993741be7ae5","parentId":"fld_af89d6d209c243d8aacc3438249e03c7","modified":1697676604687,"created":1697672890397,"url":"http://localhost:8000/usuarios/7","name":"ATUALIZAR","description":"","method":"PUT","body":{"mimeType":"application/json","text":"{\n\t\"nome\": \"TEste 7 Update\",\n\t\"login\": \"teste7@teste.com\",\n\t\"senha\": \"7777\"\n}"},"parameters":[],"headers":[{"name":"Content-Type","value":"application/json"},{"name":"User-Agent","value":"insomnia/8.3.0"}],"authentication":{},"metaSortKey":-1697676599972,"isPrivate":false,"settingStoreCookies":true,"settingSendCookies":true,"settingDisableRenderRequestBody":false,"settingEncodeUrl":true,"settingRebuildPath":true,"settingFollowRedirects":"global","_type":"request"},{"_id":"req_336dd0e29e6845d18341f650130bf25b","parentId":"fld_af89d6d209c243d8aacc3438249e03c7","modified":1697676606224,"created":1697673039990,"url":"http://localhost:8000/usuarios/7","name":"DELETAR","description":"","method":"DELETE","body":{},"parameters":[],"headers":[{"name":"User-Agent","value":"insomnia/8.3.0"}],"authentication":{},"metaSortKey":-1697676599959.5,"isPrivate":false,"settingStoreCookies":true,"settingSendCookies":true,"settingDisableRenderRequestBody":false,"settingEncodeUrl":true,"settingRebuildPath":true,"settingFollowRedirects":"global","_type":"request"},{"_id":"req_777523d5b835474d8f6d8ed0c9c2c8b3","parentId":"fld_af89d6d209c243d8aacc3438249e03c7","modified":1697676600053,"created":1697670605435,"url":"http://localhost:8000/usuarios","name":"LISTAR","description":"","method":"GET","body":{},"parameters":[],"headers":[{"name":"User-Agent","value":"insomnia/8.3.0"}],"authentication":{},"metaSortKey":-1697676599947,"isPrivate":false,"settingStoreCookies":true,"settingSendCookies":true,"settingDisableRenderRequestBody":false,"settingEncodeUrl":true,"settingRebuildPath":true,"settingFollowRedirects":"global","_type":"request"},{"_id":"req_a851400f357b4e0fab651bedad949895","parentId":"fld_04181e0598cd4bdfb834c6952d110711","modified":1697676646725,"created":1697676632216,"url":"http://localhost:8000/produtos/2","name":"CONSULTAR UNICO","description":"","method":"GET","body":{},"parameters":[],"headers":[{"name":"User-Agent","value":"insomnia/8.3.0"}],"authentication":{},"metaSortKey":-1697676600047,"isPrivate":false,"settingStoreCookies":true,"settingSendCookies":true,"settingDisableRenderRequestBody":false,"settingEncodeUrl":true,"settingRebuildPath":true,"settingFollowRedirects":"global","_type":"request"},{"_id":"fld_04181e0598cd4bdfb834c6952d110711","parentId":"wrk_scratchpad","modified":1697676632207,"created":1697676632207,"name":"PRODUTOS","description":"","environment":{},"environmentPropertyOrder":null,"metaSortKey":-1697676593151,"_type":"request_group"},{"_id":"req_39e0f8bf8cd74c039beb8487bea1d0f4","parentId":"fld_04181e0598cd4bdfb834c6952d110711","modified":1697676650453,"created":1697676632210,"url":"http://localhost:8000/produtos","name":"CRIAR","description":"","method":"POST","body":{"mimeType":"application/json","text":"{\n\t\"nome\": \"admin\",\n\t\"login\": \"admin@admin.com\",\n\t\"senha\": \"123456\"\n}"},"parameters":[],"headers":[{"name":"Content-Type","value":"application/json"},{"name":"User-Agent","value":"insomnia/8.3.0"}],"authentication":{},"metaSortKey":-1697676599997,"isPrivate":false,"settingStoreCookies":true,"settingSendCookies":true,"settingDisableRenderRequestBody":false,"settingEncodeUrl":true,"settingRebuildPath":true,"settingFollowRedirects":"global","_type":"request"},{"_id":"req_7ae71400450a4256bc15016093abe52d","parentId":"fld_04181e0598cd4bdfb834c6952d110711","modified":1697676652776,"created":1697676632212,"url":"http://localhost:8000/produtos/7","name":"ATUALIZAR","description":"","method":"PUT","body":{"mimeType":"application/json","text":"{\n\t\"nome\": \"TEste 7 Update\",\n\t\"login\": \"teste7@teste.com\",\n\t\"senha\": \"7777\"\n}"},"parameters":[],"headers":[{"name":"Content-Type","value":"application/json"},{"name":"User-Agent","value":"insomnia/8.3.0"}],"authentication":{},"metaSortKey":-1697676599972,"isPrivate":false,"settingStoreCookies":true,"settingSendCookies":true,"settingDisableRenderRequestBody":false,"settingEncodeUrl":true,"settingRebuildPath":true,"settingFollowRedirects":"global","_type":"request"},{"_id":"req_98cb465c7618468abf3e8020c06c052c","parentId":"fld_04181e0598cd4bdfb834c6952d110711","modified":1697676656725,"created":1697676632213,"url":"http://localhost:8000/produtos/7","name":"DELETAR","description":"","method":"DELETE","body":{},"parameters":[],"headers":[{"name":"User-Agent","value":"insomnia/8.3.0"}],"authentication":{},"metaSortKey":-1697676599959.5,"isPrivate":false,"settingStoreCookies":true,"settingSendCookies":true,"settingDisableRenderRequestBody":false,"settingEncodeUrl":true,"settingRebuildPath":true,"settingFollowRedirects":"global","_type":"request"},{"_id":"req_40c3d1a93c2f46019555343de41ec0c2","parentId":"fld_04181e0598cd4bdfb834c6952d110711","modified":1697676658959,"created":1697676632208,"url":"http://localhost:8000/produtos","name":"LISTAR","description":"","method":"GET","body":{},"parameters":[],"headers":[{"name":"User-Agent","value":"insomnia/8.3.0"}],"authentication":{},"metaSortKey":-1697676599947,"isPrivate":false,"settingStoreCookies":true,"settingSendCookies":true,"settingDisableRenderRequestBody":false,"settingEncodeUrl":true,"settingRebuildPath":true,"settingFollowRedirects":"global","_type":"request"},{"_id":"env_99d30891da4bdcebc63947a8fc17f076de878684","parentId":"wrk_scratchpad","modified":1697069022545,"created":1697069022545,"name":"Base Environment","data":{},"dataPropertyOrder":null,"color":null,"isPrivate":false,"metaSortKey":1697069022545,"_type":"environment"},{"_id":"jar_99d30891da4bdcebc63947a8fc17f076de878684","parentId":"wrk_scratchpad","modified":1697069022548,"created":1697069022548,"name":"Default Jar","cookies":[],"_type":"cookie_jar"}]}